{
    "1": -7.317338943481445,
    "2": -6.110633850097656,
    "3": -9.207732200622559,
    "4": -8.698263168334961,
    "5": 15.80144214630127,
    "6": 16.571090698242188,
    "7": 2.981334686279297,
    "8": 2.211517333984375,
    "9": 2.361349105834961,
    "10": -10.577595710754395,
    "11": 1.8917913436889648,
    "12": 2.9018917083740234,
    "13": 5.442897796630859,
    "14": 10.461301803588867,
    "15": -0.3105659484863281,
    "16": -14.212905883789062,
    "17": -11.453929901123047,
    "18": -2.9079437255859375,
    "19": -12.27768611907959,
    "20": -7.622097015380859,
    "21": -9.198246955871582,
    "22": -6.4688720703125,
    "23": -14.384415626525879,
    "24": 4.430511474609375,
    "25": 10.506099700927734,
    "26": 2.9131975173950195,
    "27": -8.524439811706543,
    "28": -0.8012304306030273,
    "29": -15.898262977600098,
    "30": -5.01494026184082,
    "31": 9.750774383544922,
    "32": 6.330650329589844,
    "33": -0.6199550628662109,
    "34": -8.547178268432617,
    "35": -7.591161727905273,
    "36": 14.851157188415527,
    "37": -7.591161727905273,
    "38": -9.026198387145996,
    "39": -11.180374145507812,
    "40": -2.734612464904785,
    "41": -4.995522499084473,
    "42": -4.996447563171387,
    "43": 2.2922353744506836,
    "44": -3.3438634872436523,
    "45": -8.349489212036133,
    "46": 9.99710464477539,
    "47": 7.130983352661133,
    "48": 4.766495704650879,
    "49": 8.330706596374512,
    "50": 8.472896575927734,
    "51": 6.805130958557129,
    "52": 14.047903060913086,
    "53": -8.98534870147705,
    "54": 9.386848449707031,
    "55": 0.28658008575439453,
    "56": -8.126481056213379,
    "57": -10.921265602111816,
    "58": -13.454272270202637,
    "59": -11.418615341186523,
    "60": -6.09393310546875,
    "61": -12.53494644165039,
    "62": -12.84409236907959,
    "63": 4.068428039550781,
    "64": -4.372644424438477,
    "65": 11.70490837097168,
    "66": -10.053960800170898,
    "67": 21.658893585205078,
    "68": -9.135404586791992,
    "69": 8.70987319946289,
    "70": 4.372897148132324,
    "71": -4.143780708312988,
    "72": -12.125892639160156,
    "73": -9.861214637756348,
    "74": -4.3628997802734375,
    "75": -5.798890113830566,
    "76": -3.814058303833008,
    "77": 5.843456268310547,
    "78": 20.13227081298828,
    "79": -2.9454498291015625,
    "80": 5.864904403686523,
    "81": -12.109034538269043,
    "82": -4.158865928649902,
    "83": -6.559882164001465,
    "84": -3.228557586669922,
    "85": -1.955759048461914,
    "86": -5.060554504394531,
    "87": -1.5416193008422852,
    "88": -14.027872085571289,
    "89": -15.2652006149292,
    "90": -15.820442199707031,
    "91": -13.366633415222168,
    "92": -17.97696304321289,
    "93": -6.166794776916504,
    "94": -17.276531219482422,
    "95": -17.689098358154297,
    "96": -14.957207679748535,
    "97": 0.12661170959472656,
    "98": 2.867621421813965,
    "99": 1.7709741592407227,
    "100": -13.18868637084961,
    "101": -11.934496879577637,
    "102": -10.47269344329834,
    "103": -11.086050033569336,
    "104": 11.998699188232422,
    "105": 9.000730514526367,
    "106": 10.320233345031738,
    "107": 2.751265525817871,
    "108": 16.08648109436035,
    "109": 9.512466430664062,
    "110": 15.168632507324219,
    "111": -5.621101379394531,
    "112": 18.566194534301758,
    "113": -9.179033279418945,
    "114": -7.687817573547363,
    "115": 7.475090980529785,
    "116": 1.072035789489746,
    "117": 10.480886459350586,
    "118": 3.905003547668457,
    "119": -3.006009101867676,
    "120": -9.192667007446289,
    "121": -13.085641860961914,
    "122": -12.668533325195312,
    "123": -4.871064186096191,
    "124": -7.628047943115234,
    "125": 1.9895620346069336,
    "126": 4.846301078796387,
    "127": -16.101593017578125,
    "128": -17.253376007080078,
    "129": -16.75827407836914,
    "130": 22.159799575805664,
    "131": -6.080124855041504,
    "132": -2.8087329864501953,
    "133": -10.657687187194824,
    "134": -8.703215599060059,
    "135": -12.58784008026123,
    "136": -4.022038459777832,
    "137": -20.028446197509766,
    "138": -14.116472244262695,
    "139": -12.430981636047363,
    "140": -8.846931457519531,
    "141": -13.461833953857422,
    "142": -11.780591011047363,
    "143": -12.65496826171875,
    "144": -18.587692260742188,
    "145": 17.754898071289062,
    "146": 21.070510864257812,
    "147": -6.7193756103515625,
    "148": -16.72381591796875,
    "149": -14.433448791503906,
    "150": -18.44394302368164,
    "151": -19.65717124938965
}
